Date,,,,EURXAU
2025-01-15,,,,2596.9623
2025-01-14,,,,2601.1910
2025-01-13,,,,2628.4699
2025-01-12,,,,2625.4707
2025-01-11,,,,2625.4290
2025-01-10,,,,2592.9958
2025-01-09,,,,2580.8253
2025-01-08,,,,2561.4486
2025-01-07,,,,2537.7605
2025-01-06,,,,2563.4212
2025-01-05,,,,2561.0432
2025-01-04,,,,2560.6774
2025-01-03,,,,2591.5846
2025-01-02,,,,2536.3507
2025-01-01,,,,2534.1926
2024-12-31,,,,2504.4311
2024-12-30,,,,2516.9238
2024-12-29,,,,2514.5641
2024-12-28,,,,2513.6424
2024-12-27,,,,2526.0402
2024-12-26,,,,2518.8115
2024-12-25,,,,2514.3771
2024-12-24,,,,2514.5848
2024-12-23,,,,2515.3934
2024-12-22,,,,2516.3314
2024-12-21,,,,2514.7726
2024-12-20,,,,2502.5489
2024-12-19,,,,2499.9691
2024-12-18,,,,2522.1280
2024-12-17,,,,2522.2412
2024-12-16,,,,2522.2249
2024-12-15,,,,2521.2583
2024-12-14,,,,2522.0048
2024-12-13,,,,2558.5117
2024-12-12,,,,2588.9445
2024-12-11,,,,2559.5738
2024-12-10,,,,2520.6413
2024-12-09,,,,2496.5626
2024-12-08,,,,2491.5894
2024-12-07,,,,2489.7394
2024-12-06,,,,2487.8870
2024-12-05,,,,2520.3708
2024-12-04,,,,2514.5287
2024-12-03,,,,2516.7641
2024-12-02,,,,2510.8926
2024-12-01,,,,2505.1335
2024-11-30,,,,2505.2663
2024-11-29,,,,2497.9958
2024-11-28,,,,2497.6955
2024-11-27,,,,2508.5738
2024-11-26,,,,2500.1503
2024-11-25,,,,2595.3312
2024-11-24,,,,2605.0954
2024-11-23,,,,2604.4060
2024-11-22,,,,2550.7620
2024-11-21,,,,2515.3655
2024-11-20,,,,2485.1524
2024-11-19,,,,2466.0339
2024-11-18,,,,2440.9748
2024-11-17,,,,2431.7541
2024-11-16,,,,2431.2910
2024-11-15,,,,2437.4203
2024-11-14,,,,2434.9659
2024-11-13,,,,2448.3853
2024-11-12,,,,2460.5455
2024-11-11,,,,2506.1176
2024-11-10,,,,2504.2704
2024-11-09,,,,2504.4402
2024-11-08,,,,2509.7570
2024-11-07,,,,2480.7476
2024-11-06,,,,2514.3391
2024-11-05,,,,2515.8414
2024-11-04,,,,2518.9753
2024-11-03,,,,2525.6712
2024-11-02,,,,2525.4003
2024-11-01,,,,2523.8868
2024-10-31,,,,2565.2672
2024-10-30,,,,2555.6357
2024-10-29,,,,2533.1627
2024-10-28,,,,2530.4815
2024-10-27,,,,2540.7566
2024-10-26,,,,2540.8389
2024-10-25,,,,2525.0660
2024-10-24,,,,2523.0465
2024-10-23,,,,2540.6200
2024-10-22,,,,2517.4828
2024-10-21,,,,2506.5684
2024-10-20,,,,2504.8170
2024-10-19,,,,2504.6569
2024-10-18,,,,2487.7687
2024-10-17,,,,2463.0652
2024-10-16,,,,2444.4441
2024-10-15,,,,2429.0103
2024-10-14,,,,2423.9404
2024-10-13,,,,2430.1132
2024-10-12,,,,2427.2509
2024-10-11,,,,2408.7816
2024-10-10,,,,2382.6457
2024-10-09,,,,2389.8494
2024-10-08,,,,2408.8120
2024-10-07,,,,2415.5864
2024-10-06,,,,2416.9881
2024-10-05,,,,2415.9999
2024-10-04,,,,2406.8121
2024-10-03,,,,2408.7012
2024-10-02,,,,2403.2032
2024-10-01,,,,2367.6246
2024-09-30,,,,2385.5989
2024-09-29,,,,2379.4593
2024-09-28,,,,2380.0141
2024-09-27,,,,2391.5164
2024-09-26,,,,2386.2077
2024-09-25,,,,2375.3644
2024-09-24,,,,2362.5114
2024-09-23,,,,2348.4015
2024-09-22,,,,2349.2815
2024-09-21,,,,2348.7825
2024-09-20,,,,2317.8938
2024-09-19,,,,2302.6732
2024-09-18,,,,2313.2599
2024-09-17,,,,2321.0563
2024-09-16,,,,2327.8748
2024-09-15,,,,2328.9883
2024-09-14,,,,2329.1742
2024-09-13,,,,2308.6755
2024-09-12,,,,2281.6783
2024-09-11,,,,2285.5428
2024-09-10,,,,2272.1388
2024-09-09,,,,2253.0896
2024-09-08,,,,2253.1951
2024-09-07,,,,2252.2727
2024-09-06,,,,2265.5460
2024-09-05,,,,2252.2621
2024-09-04,,,,2256.5175
2024-09-03,,,,2255.8898
2024-09-02,,,,2265.6464
2024-09-01,,,,2266.0252
2024-08-31,,,,2265.4931
2024-08-30,,,,2273.2788
2024-08-29,,,,2255.6525
2024-08-28,,,,2259.4683
2024-08-27,,,,2253.6668
2024-08-26,,,,2247.5499
2024-08-25,,,,2241.6748
2024-08-24,,,,2244.5912
2024-08-23,,,,2237.8213
2024-08-22,,,,2252.7794
2024-08-21,,,,2258.8356
2024-08-20,,,,2259.5135
2024-08-19,,,,2272.9923
2024-08-18,,,,2274.0292
2024-08-17,,,,2273.6553
2024-08-16,,,,2239.4302
2024-08-15,,,,2224.4423
2024-08-14,,,,2241.7016
2024-08-13,,,,2265.0156
2024-08-12,,,,2224.0046
2024-08-11,,,,2227.3967
2024-08-10,,,,2227.4665
2024-08-09,,,,2220.3401
2024-08-08,,,,2182.1539
2024-08-07,,,,2180.7731
2024-08-06,,,,2199.2596
2024-08-05,,,,2230.9814
2024-08-04,,,,2236.8271
2024-08-03,,,,2238.8387
2024-08-02,,,,2267.7755
2024-08-01,,,,2259.3772
2024-07-31,,,,2227.5465
2024-07-30,,,,2201.6842
2024-07-29,,,,2209.8458
2024-07-28,,,,2198.8792
2024-07-27,,,,2199.0276
2024-07-26,,,,2178.7269
2024-07-25,,,,2212.0275
2024-07-24,,,,2221.2618
2024-07-23,,,,2200.8121
2024-07-22,,,,2211.4651
2024-07-21,,,,2205.5850
2024-07-20,,,,2203.3727
2024-07-19,,,,2235.7931
2024-07-18,,,,2247.6271
2024-07-17,,,,2263.5967
2024-07-16,,,,2222.1293
2024-07-15,,,,2211.7476
2024-07-14,,,,2210.4109
2024-07-13,,,,2207.8718
2024-07-12,,,,2218.9565
2024-07-11,,,,2189.3804
2024-07-10,,,,2186.9585
2024-07-09,,,,2181.0963
2024-07-08,,,,2203.3002
2024-07-07,,,,2203.6505
2024-07-06,,,,2203.6420
2024-07-05,,,,2181.6877
2024-07-04,,,,2187.9529
2024-07-03,,,,2168.8958
2024-07-02,,,,2173.7098
2024-07-01,,,,2164.6452
2024-06-30,,,,2171.7540
2024-06-29,,,,2170.8266
2024-06-28,,,,2171.1646
2024-06-27,,,,2149.8779
2024-06-26,,,,2159.5013
2024-06-25,,,,2166.4426
2024-06-24,,,,2171.7280
2024-06-23,,,,2170.7005
2024-06-22,,,,2168.5360
2024-06-21,,,,2203.5086
2024-06-20,,,,2174.7687
2024-06-19,,,,2169.4026
2024-06-18,,,,2165.7232
2024-06-17,,,,2172.6148
2024-06-16,,,,2179.5207
2024-06-15,,,,2179.0460
2024-06-14,,,,2146.4599
2024-06-13,,,,2141.5616
2024-06-12,,,,2153.5977
2024-06-11,,,,2137.1611
2024-06-10,,,,2133.8492
2024-06-09,,,,2123.4909
2024-06-08,,,,2123.5895
2024-06-07,,,,2175.7875
2024-06-06,,,,2174.2215
2024-06-05,,,,2141.7264
2024-06-04,,,,2152.9743
2024-06-03,,,,2146.7530
2024-06-02,,,,2146.0056
2024-06-01,,,,2145.9278
2024-05-31,,,,2168.6002
2024-05-30,,,,2163.1596
2024-05-29,,,,2172.7189
2024-05-28,,,,2164.8117
2024-05-27,,,,2155.3931
2024-05-26,,,,2152.1757
2024-05-25,,,,2152.2186
2024-05-24,,,,2159.2701
2024-05-23,,,,2191.3719
2024-05-22,,,,2233.1717
2024-05-21,,,,2230.5474
2024-05-20,,,,2238.7095
2024-05-19,,,,2221.5262
2024-05-18,,,,2221.7047
2024-05-17,,,,2189.5337
2024-05-16,,,,2194.6081
2024-05-15,,,,2178.6168
2024-05-14,,,,2172.2658
2024-05-13,,,,2190.2075
2024-05-12,,,,2188.9272
2024-05-11,,,,2192.0559
2024-05-10,,,,2182.1010
2024-05-09,,,,2148.6599
2024-05-08,,,,2149.5768
2024-05-07,,,,2157.2087
2024-05-06,,,,2147.3158
2024-05-05,,,,2139.6148
2024-05-04,,,,2139.5426
2024-05-03,,,,2143.3988
2024-05-02,,,,2168.9236
2024-05-01,,,,2146.0706
2024-04-30,,,,2178.0821
2024-04-29,,,,2174.3867
2024-04-28,,,,2184.2769
2024-04-27,,,,2184.2406
2024-04-26,,,,2175.7937
2024-04-25,,,,2166.5793
2024-04-24,,,,2164.9996
2024-04-23,,,,2165.9724
2024-04-22,,,,2227.3752
2024-04-21,,,,2242.4994
2024-04-20,,,,2242.4098
2024-04-19,,,,2272.8084
2024-04-18,,,,2220.1474
2024-04-17,,,,2242.1949
2024-04-16,,,,2237.6143
2024-04-15,,,,2211.6571
2024-04-14,,,,2196.5780
2024-04-13,,,,2196.5661
2024-04-12,,,,2230.1710
2024-04-11,,,,2178.5285
2024-04-10,,,,2164.4168
2024-04-09,,,,2156.1654
2024-04-08,,,,2146.5818
2024-04-07,,,,2147.8352
2024-04-06,,,,2146.8748
2024-04-05,,,,2099.6895
2024-04-04,,,,2121.9226
2024-04-03,,,,2119.2566
2024-04-02,,,,2095.2229
2024-04-01,,,,2092.1029
2024-03-31,,,,2067.7116
2024-03-30,,,,2067.6714
2024-03-29,,,,2072.2462
2024-03-28,,,,2024.0206
2024-03-27,,,,2010.2413
2024-03-26,,,,2001.4881
2024-03-25,,,,2010.6449
2024-03-24,,,,1992.8630
2024-03-23,,,,1992.9285
2024-03-22,,,,2005.6665
2024-03-21,,,,2016.9074
2024-03-20,,,,1986.5950
2024-03-19,,,,1987.8138
2024-03-18,,,,1976.1926
2024-03-17,,,,1978.0791
2024-03-16,,,,1978.0625
2024-03-15,,,,1988.6625
2024-03-14,,,,1986.7628
2024-03-13,,,,1975.8565
2024-03-12,,,,1995.5255
2024-03-11,,,,1991.7708
2024-03-10,,,,1990.9199
2024-03-09,,,,1990.8136
2024-03-08,,,,1969.8810
2024-03-07,,,,1969.0379
2024-03-06,,,,1960.0556
2024-03-05,,,,1945.8849
2024-03-04,,,,1920.4546
2024-03-03,,,,1919.7284
2024-03-02,,,,1919.8032
2024-03-01,,,,1889.5500
2024-02-29,,,,1879.9921
2024-02-28,,,,1875.4991
2024-02-27,,,,1873.4445
2024-02-26,,,,1878.6353
2024-02-25,,,,1879.1432
2024-02-24,,,,1879.1318
2024-02-23,,,,1872.3791
2024-02-22,,,,1873.4994
2024-02-21,,,,1873.9552
2024-02-20,,,,1874.0009
2024-02-19,,,,1873.6602
2024-02-18,,,,1867.8004
2024-02-17,,,,1867.8143
2024-02-16,,,,1862.4626
2024-02-15,,,,1857.5885
2024-02-14,,,,1860.1753
2024-02-13,,,,1876.0476
2024-02-12,,,,1874.4866
2024-02-11,,,,1877.2599
2024-02-10,,,,1877.2033
2024-02-09,,,,1877.1789
2024-02-08,,,,1888.6160
2024-02-07,,,,1889.4676
2024-02-06,,,,1893.0401
2024-02-05,,,,1884.9314
2024-02-04,,,,1893.5878
2024-02-03,,,,1887.5599
2024-02-02,,,,1886.8809
2024-02-01,,,,1890.5463
2024-01-31,,,,1879.3744
2024-01-30,,,,1874.7525
2024-01-29,,,,1865.5146
2024-01-28,,,,1858.3475
2024-01-27,,,,1858.0485
2024-01-26,,,,1865.0239
2024-01-25,,,,1853.5841
2024-01-24,,,,1866.7903
2024-01-23,,,,1856.2014
2024-01-22,,,,1861.4524
2024-01-22,,,,1861.4524
2024-01-21,,,,1859.3956
2024-01-20,,,,1859.3685
2024-01-19,,,,1858.8843
2024-01-18,,,,1845.2125
2024-01-17,,,,1867.9019
2024-01-16,,,,1877.1638
2024-01-15,,,,1872.9019
2024-01-14,,,,1869.2161
2024-01-13,,,,1869.2130
2024-01-12,,,,1851.4719
2024-01-11,,,,1848.8558
2024-01-10,,,,1858.2254
2024-01-09,,,,1855.8154
2024-01-08,,,,1866.6301
2024-01-07,,,,1867.2371
2024-01-06,,,,1867.2917
2024-01-05,,,,1868.7354
2024-01-04,,,,1869.8507
2024-01-03,,,,1884.0069
2024-01-02,,,,1871.3303
2024-01-01,,,,1869.0143
2023-12-31,,,,1865.9216
2023-12-30,,,,1865.9381
2023-12-29,,,,1867.8012
2023-12-28,,,,1872.5247
2023-12-27,,,,1873.3194
2023-12-26,,,,1872.1445
2023-12-25,,,,1866.1060
2023-12-24,,,,1862.3394
2023-12-23,,,,1862.2366
2023-12-22,,,,1863.9259
2023-12-21,,,,1859.2683
2023-12-20,,,,1856.4440
2023-12-19,,,,1855.1652
2023-12-18,,,,1854.6673
2023-12-17,,,,1851.7257
2023-12-16,,,,1851.7784
2023-12-15,,,,1849.9781
2023-12-14,,,,1865.5601
2023-12-13,,,,1833.7692
2023-12-12,,,,1841.5512
2023-12-11,,,,1858.8630
2023-12-10,,,,1860.4989
2023-12-09,,,,1860.4989
2023-12-08,,,,1884.4247
2023-12-07,,,,1883.9431
2023-12-06,,,,1873.2659
2023-12-05,,,,1877.2133
2023-12-04,,,,1918.2172
2023-12-03,,,,1903.0285
2023-12-02,,,,1901.9576
2023-12-01,,,,1871.5420
2023-11-30,,,,1862.7872
2023-11-29,,,,1860.8911
2023-11-28,,,,1838.8562
2023-11-27,,,,1837.0670
2023-11-26,,,,1829.4429
2023-11-25,,,,1829.0084
2023-11-24,,,,1828.2279
2023-11-23,,,,1829.4750
2023-11-22,,,,1829.0068
2023-11-21,,,,1816.6349
2023-11-20,,,,1815.2128
2023-11-19,,,,1814.4228
2023-11-18,,,,1814.4106
2023-11-17,,,,1828.4809
2023-11-16,,,,1804.7917
2023-11-15,,,,1805.5755
2023-11-14,,,,1817.9576
2023-11-13,,,,1816.0566
2023-11-12,,,,1808.9650
2023-11-11,,,,1808.9352
2023-11-10,,,,1836.1087
2023-11-09,,,,1820.8887
2023-11-08,,,,1841.8056
2023-11-07,,,,1844.1535
2023-11-06,,,,1856.3310
2023-11-05,,,,1855.9347
2023-11-04,,,,1855.7971
2023-11-03,,,,1867.7764
2023-11-02,,,,1873.8048
2023-11-01,,,,1874.1996
2023-10-31,,,,1882.7540
2023-10-30,,,,1896.2235
2023-10-29,,,,1896.8014
2023-10-28,,,,1896.8894
2023-10-27,,,,1880.2097
2023-10-26,,,,1879.0099
2023-10-25,,,,1863.5551
2023-10-24,,,,1852.4091
2023-10-23,,,,1858.7054
2023-10-22,,,,1868.7332
2023-10-21,,,,1868.5059
2023-10-20,,,,1866.2729
2023-10-19,,,,1850.8000
2023-10-18,,,,1825.5360
2023-10-17,,,,1815.6290
2023-10-16,,,,1827.0479
2023-10-15,,,,1838.3636
2023-10-14,,,,1837.8804
2023-10-13,,,,1776.5819
2023-10-12,,,,1765.0927
2023-10-11,,,,1754.7635
2023-10-10,,,,1762.2597
2023-10-09,,,,1749.5683
2023-10-08,,,,1728.9490
2023-10-07,,,,1728.8938
2023-10-06,,,,1726.8458
2023-10-05,,,,1735.4095
2023-10-04,,,,1741.8457
2023-10-03,,,,1741.8737
2023-10-02,,,,1747.9903
2023-10-01,,,,1746.2221
2023-09-30,,,,1746.1088
2023-09-29,,,,1765.0778
2023-09-28,,,,1784.8165
2023-09-27,,,,1799.7612
2023-09-26,,,,1809.0219
2023-09-25,,,,1806.7680
2023-09-24,,,,1804.3618
2023-09-23,,,,1804.0637
2023-09-22,,,,1804.8237
2023-09-21,,,,1810.0343
2023-09-20,,,,1805.8632
2023-09-19,,,,1808.4848
2023-09-18,,,,1804.9025
2023-09-17,,,,1802.2913
2023-09-16,,,,1802.2171
2023-09-15,,,,1807.8730
2023-09-14,,,,1780.6076
2023-09-13,,,,1774.5492
2023-09-12,,,,1788.8249
2023-09-11,,,,1792.4737
2023-09-10,,,,1793.6100
2023-09-09,,,,1793.6286
2023-09-08,,,,1797.0779
2023-09-07,,,,1788.6698
2023-09-06,,,,1797.1644
2023-09-05,,,,1794.0356
2023-09-04,,,,1803.6123
2023-09-03,,,,1800.4973
2023-09-02,,,,1801.0046
2023-09-01,,,,1790.8065
2023-08-31,,,,1781.4174
2023-08-30,,,,1782.0140
2023-08-29,,,,1774.3675
2023-08-28,,,,1773.2398
2023-08-27,,,,1774.1250
2023-08-26,,,,1773.6466
2023-08-25,,,,1776.4230
2023-08-24,,,,1767.4468
2023-08-23,,,,1751.6139
2023-08-22,,,,1735.5992
2023-08-21,,,,1735.0473
2023-08-20,,,,1738.1098
2023-08-19,,,,1738.0209
2023-08-18,,,,1738.7735
2023-08-17,,,,1741.6730
2023-08-16,,,,1743.6990
2023-08-15,,,,1748.0451
2023-08-14,,,,1748.0287
2023-08-13,,,,1748.0878
2023-08-12,,,,1747.7239
2023-08-11,,,,1742.0308
2023-08-10,,,,1748.5885
2023-08-09,,,,1757.9711
2023-08-08,,,,1764.2266
2023-08-07,,,,1765.6125
2023-08-06,,,,1764.0672
2023-08-05,,,,1764.5007
2023-08-04,,,,1767.5506
2023-08-03,,,,1770.6765
2023-08-02,,,,1771.5644
2023-08-01,,,,1785.1670
2023-07-31,,,,1776.3883
2023-07-30,,,,1778.7614
2023-07-29,,,,1778.1103
2023-07-28,,,,1775.9764
2023-07-27,,,,1781.7514
2023-07-26,,,,1779.0698
2023-07-25,,,,1772.1942
2023-07-24,,,,1763.5132
2023-07-23,,,,1763.4928
2023-07-22,,,,1763.3419
2023-07-21,,,,1770.8240
2023-07-20,,,,1768.2359
2023-07-19,,,,1761.3427
2023-07-18,,,,1744.5770
2023-07-17,,,,1742.5353
2023-07-16,,,,1740.7366
2023-07-15,,,,1740.7541
2023-07-14,,,,1743.7431
2023-07-13,,,,1754.9409
2023-07-12,,,,1754.7355
2023-07-11,,,,1757.7795
2023-07-10,,,,1754.6672
2023-07-09,,,,1755.5167
2023-07-08,,,,1755.5186
2023-07-07,,,,1759.0308
2023-07-06,,,,1767.0205
2023-07-05,,,,1768.7950
2023-07-04,,,,1771.0500
2023-07-03,,,,1757.6611
2023-07-02,,,,1758.8883
2023-07-01,,,,1758.7396
2023-06-30,,,,1755.6906
2023-06-29,,,,1749.7682
2023-06-28,,,,1748.3278
2023-06-27,,,,1756.1288
2023-06-26,,,,1770.9807
2023-06-25,,,,1759.6777
2023-06-24,,,,1759.5081
2023-06-23,,,,1765.2426
2023-06-22,,,,1756.1584
2023-06-21,,,,1773.3353
2023-06-20,,,,1786.3488
2023-06-19,,,,1790.2427
2023-06-18,,,,1787.3244
2023-06-17,,,,1786.9043
2023-06-16,,,,1794.9565
2023-06-15,,,,1783.4197
2023-06-14,,,,1802.8432
2023-06-13,,,,1820.0183
2023-06-12,,,,1823.2174
2023-06-11,,,,1822.8233
2023-06-10,,,,1822.4853
2023-06-09,,,,1825.1957
2023-06-08,,,,1817.1162
2023-06-07,,,,1830.8241
2023-06-06,,,,1835.7261
2023-06-05,,,,1816.6869
2023-06-04,,,,1818.3281
2023-06-03,,,,1818.2493
2023-06-02,,,,1838.3317
2023-06-01,,,,1837.6550
2023-05-31,,,,1833.5532
2023-05-30,,,,1810.5312
2023-05-29,,,,1815.6287
2023-05-28,,,,1813.3046
2023-05-27,,,,1813.5865
2023-05-26,,,,1817.8503
2023-05-25,,,,1822.7792
2023-05-24,,,,1838.0873
2023-05-23,,,,1820.1321
2023-05-22,,,,1829.4362
2023-05-21,,,,1827.8051
2023-05-20,,,,1827.4930
2023-05-19,,,,1820.8122
2023-05-18,,,,1829.6845
2023-05-17,,,,1832.9017
2023-05-16,,,,1852.6850
2023-05-15,,,,1852.4654
2023-05-14,,,,1846.3332
2023-05-13,,,,1846.3633
2023-05-12,,,,1840.1746
2023-05-11,,,,1857.3212
2023-05-10,,,,1854.0794
2023-05-09,,,,1850.5580
2023-05-08,,,,1832.3743
2023-05-07,,,,1814.4564
2023-05-06,,,,1829.2652
2023-05-05,,,,1855.5874
2023-05-04,,,,1844.1554
2023-05-03,,,,1827.7364
2023-05-02,,,,1814.4819
2023-05-01,,,,1806.1199
2023-04-30,,,,1798.0177
2023-04-29,,,,1796.1914
2023-04-28,,,,1805.8650
2023-04-27,,,,1811.4384
2023-04-26,,,,1810.3568
2023-04-25,,,,1797.9342
2023-04-24,,,,1800.6897
2023-04-23,,,,1796.0406
2023-04-22,,,,1804.9351
2023-04-21,,,,1813.0736
2023-04-20,,,,1826.0068
2023-04-19,,,,1826.6223
2023-04-18,,,,1825.2754
2023-04-17,,,,1827.9713
2023-04-16,,,,1814.0234
2023-04-15,,,,1813.9372
2023-04-14,,,,1842.4315
2023-04-13,,,,1839.2988
2023-04-12,,,,1844.5514
2023-04-11,,,,1835.9829
2023-04-10,,,,1832.9572
2023-04-09,,,,1837.0777
2023-04-08,,,,1833.9707
2023-04-07,,,,1842.1267
2023-04-06,,,,1838.8062
2023-04-05,,,,1852.7437
2023-04-04,,,,1844.2489
2023-04-03,,,,1818.8715
2023-04-02,,,,1813.6822
2023-04-01,,,,1813.6822
2023-03-31,,,,1813.4748
2023-03-30,,,,1815.0991
2023-03-29,,,,1811.1157
2023-03-28,,,,1819.6850
2023-03-27,,,,1811.3963
2023-03-26,,,,1833.6171
2023-03-25,,,,1837.8473
2023-03-24,,,,1836.9867
2023-03-23,,,,1838.1731
2023-03-22,,,,1828.1542
2023-03-21,,,,1802.9141
2023-03-20,,,,1843.8915
2023-03-19,,,,1850.9555
2023-03-18,,,,1856.6180
2023-03-17,,,,1856.1722
2023-03-16,,,,1808.1690
2023-03-15,,,,1815.1351
2023-03-14,,,,1773.5563
2023-03-13,,,,1781.8929
2023-03-12,,,,1755.9589
2023-03-11,,,,1754.7113
2023-03-10,,,,1754.9695
2023-03-09,,,,1730.0506
2023-03-08,,,,1720.7133
2023-03-07,,,,1719.7195
2023-03-06,,,,1727.5860
2023-03-05,,,,1743.1808
2023-03-04,,,,1744.3090
2023-03-03,,,,1744.5676
2023-03-02,,,,1732.3874
2023-03-01,,,,1721.0702
2023-02-28,,,,1725.4124
2023-02-27,,,,1712.8839
2023-02-26,,,,1716.4852
2023-02-25,,,,1717.2164
2023-02-24,,,,1716.7090
2023-02-23,,,,1720.3526
2023-02-22,,,,1720.8956
2023-02-21,,,,1723.5856
2023-02-20,,,,1723.7594
2023-02-19,,,,1724.6408
2023-02-18,,,,1722.0645
2023-02-17,,,,1722.4382
2023-02-16,,,,1719.9100
2023-02-15,,,,1713.9122
2023-02-14,,,,1726.8670
2023-02-13,,,,1728.0257
2023-02-12,,,,1744.3506
2023-02-11,,,,1746.9003
2023-02-10,,,,1747.3308
2023-02-09,,,,1734.0672
2023-02-08,,,,1749.8123
2023-02-07,,,,1745.4648
2023-02-06,,,,1740.6024
2023-02-05,,,,1728.4958
2023-02-04,,,,1728.2955
2023-02-03,,,,1727.5590
2023-02-02,,,,1756.1415
2023-02-01,,,,1773.3149
2023-01-31,,,,1772.2006
2023-01-30,,,,1771.5073
2023-01-29,,,,1773.5467
2023-01-28,,,,1774.1924
2023-01-27,,,,1774.5295
2023-01-26,,,,1771.9001
2023-01-25,,,,1783.4162
2023-01-24,,,,1778.9224
2023-01-23,,,,1776.4600
2023-01-22,,,,1774.3483
2023-01-21,,,,1774.3483
2023-01-20,,,,1774.6089
2023-01-19,,,,1782.9227
2023-01-18,,,,1766.1976
2023-01-17,,,,1769.1092
2023-01-16,,,,1770.8268
2023-01-15,,,,1772.7035
2023-01-14,,,,1773.2189
2023-01-13,,,,1772.2821
2023-01-12,,,,1747.8292
2023-01-11,,,,1743.7237
2023-01-10,,,,1748.0952
2023-01-09,,,,1742.5693
2023-01-08,,,,1754.2076
2023-01-07,,,,1752.8332
2023-01-06,,,,1752.6265
2023-01-05,,,,1742.1382
2023-01-04,,,,1748.3186
2023-01-03,,,,1741.2744
2023-01-02,,,,1713.4025
2023-01-01,,,,1705.3758
2022-12-31,,,,1703.6813
2022-12-30,,,,1703.6813
2022-12-29,,,,1702.4787
2022-12-28,,,,1699.0095
2022-12-27,,,,1696.1488
2022-12-26,,,,1693.4742
2022-12-25,,,,1692.5062
2022-12-24,,,,1693.2254
2022-12-23,,,,1693.5837
2022-12-22,,,,1691.9516
2022-12-21,,,,1711.0870
2022-12-20,,,,1710.0260
2022-12-19,,,,1684.2479
2022-12-18,,,,1691.8775
2022-12-17,,,,1692.3796
2022-12-16,,,,1691.8445
2022-12-15,,,,1669.6854
2022-12-14,,,,1693.0438
2022-12-13,,,,1702.7878
2022-12-12,,,,1690.6105
2022-12-11,,,,1706.5946
2022-12-10,,,,1706.8255
2022-12-09,,,,1706.7854
2022-12-08,,,,1694.6658
2022-12-07,,,,1699.9274
2022-12-06,,,,1687.5178
2022-12-05,,,,1685.7170
2022-12-04,,,,1706.1857
2022-12-03,,,,1706.7720
2022-12-02,,,,1704.4140
2022-12-01,,,,1703.9220
2022-11-30,,,,1694.7189
2022-11-29,,,,1686.5386
2022-11-28,,,,1683.8804
2022-11-27,,,,1687.8309
2022-11-26,,,,1687.2074
2022-11-25,,,,1688.2835
2022-11-24,,,,1686.5612
2022-11-23,,,,1686.3941
2022-11-22,,,,1698.3521
2022-11-21,,,,1693.1916
2022-11-20,,,,1695.8787
2022-11-19,,,,1695.9271
2022-11-18,,,,1695.4892
2022-11-17,,,,1698.2329
2022-11-16,,,,1707.1775
2022-11-15,,,,1717.8280
2022-11-14,,,,1715.7213
2022-11-13,,,,1708.1252
2022-11-12,,,,1709.3763
2022-11-11,,,,1709.3763
2022-11-10,,,,1720.1970
2022-11-09,,,,1696.3382
2022-11-08,,,,1699.1524
2022-11-07,,,,1670.7927
2022-11-06,,,,1687.5528
2022-11-05,,,,1687.5258
2022-11-04,,,,1686.8083
2022-11-03,,,,1671.4088
2022-11-02,,,,1662.8803
2022-11-01,,,,1667.3566
2022-10-31,,,,1651.2029
2022-10-30,,,,1651.8237
2022-10-29,,,,1650.0777
2022-10-28,,,,1650.2232
2022-10-27,,,,1668.2167
2022-10-26,,,,1649.9455
2022-10-25,,,,1657.7812
2022-10-24,,,,1670.7296
2022-10-23,,,,1680.9555
2022-10-22,,,,1680.6448
2022-10-21,,,,1680.9448
2022-10-20,,,,1662.9817
2022-10-19,,,,1665.7830
2022-10-18,,,,1676.0001
2022-10-17,,,,1677.0177
2022-10-16,,,,1690.7290
2022-10-15,,,,1691.0709
2022-10-14,,,,1690.3709
2022-10-13,,,,1703.2140
2022-10-12,,,,1724.9024
2022-10-11,,,,1716.7491
2022-10-10,,,,1719.1862
2022-10-09,,,,1743.0454
2022-10-08,,,,1739.8508
2022-10-07,,,,1740.0870
2022-10-06,,,,1747.8406
2022-10-05,,,,1734.1784
2022-10-04,,,,1727.6829
2022-10-03,,,,1730.6414
2022-10-02,,,,1698.5854
2022-10-01,,,,1694.1919
2022-09-30,,,,1694.5184
2022-09-29,,,,1691.9428
2022-09-28,,,,1707.3478
2022-09-27,,,,1697.3712
2022-09-26,,,,1702.3544
2022-09-25,,,,1697.1372
2022-09-24,,,,1695.8936
2022-09-23,,,,1695.7404
2022-09-22,,,,1699.3960
2022-09-21,,,,1688.9438
2022-09-20,,,,1670.5969
2022-09-19,,,,1670.9146
2022-09-18,,,,1675.0169
2022-09-17,,,,1672.2279
2022-09-16,,,,1672.5516
2022-09-15,,,,1664.5175
2022-09-14,,,,1700.8495
2022-09-13,,,,1705.4944
2022-09-12,,,,1702.8015
2022-09-11,,,,1709.9690
2022-09-10,,,,1709.9690
2022-09-09,,,,1709.0818
2022-09-08,,,,1708.1162
2022-09-07,,,,1717.5587
2022-09-06,,,,1719.2709
2022-09-05,,,,1721.8872
2022-09-04,,,,1724.9143
2022-09-03,,,,1720.3275
2022-09-02,,,,1721.0728
2022-09-01,,,,1704.7112
2022-08-31,,,,1702.3320
2022-08-30,,,,1718.7922
2022-08-29,,,,1735.5635
2022-08-28,,,,1745.5748
2022-08-27,,,,1744.4945
2022-08-26,,,,1743.1688
2022-08-25,,,,1761.6548
2022-08-24,,,,1757.9524
2022-08-23,,,,1751.2811
2022-08-22,,,,1746.0079
2022-08-21,,,,1740.8144
2022-08-20,,,,1740.0459
2022-08-19,,,,1740.7733
2022-08-18,,,,1742.4543
2022-08-17,,,,1733.0209
2022-08-16,,,,1745.5731
2022-08-15,,,,1750.9402
2022-08-14,,,,1755.3574
2022-08-13,,,,1756.6987
2022-08-12,,,,1756.0309
2022-08-11,,,,1731.8658
2022-08-10,,,,1739.2078
2022-08-09,,,,1757.1966
2022-08-08,,,,1754.5090
2022-08-07,,,,1744.7942
2022-08-06,,,,1743.9550
2022-08-05,,,,1742.9833
2022-08-04,,,,1749.5349
2022-08-03,,,,1736.7564
2022-08-02,,,,1730.7364
2022-08-01,,,,1726.6715
2022-07-31,,,,1726.8780
2022-07-30,,,,1727.0587
2022-07-29,,,,1727.1921
2022-07-28,,,,1721.9863
2022-07-27,,,,1703.0953
2022-07-26,,,,1696.1576
2022-07-25,,,,1681.4427
2022-07-24,,,,1690.5288
2022-07-23,,,,1690.2540
2022-07-22,,,,1691.7939
2022-07-21,,,,1680.9053
2022-07-20,,,,1665.2474
2022-07-19,,,,1671.8715
2022-07-18,,,,1684.0641
2022-07-17,,,,1693.5991
2022-07-16,,,,1693.6721
2022-07-15,,,,1692.5792
2022-07-14,,,,1706.9115
2022-07-13,,,,1726.8281
2022-07-12,,,,1720.7259
2022-07-11,,,,1725.7906
2022-07-10,,,,1715.1896
2022-07-09,,,,1710.2601
2022-07-08,,,,1711.2406
2022-07-07,,,,1711.3938
2022-07-06,,,,1707.9933
2022-07-05,,,,1723.3901
2022-07-04,,,,1733.6949
2022-07-03,,,,1734.4923
2022-07-02,,,,1735.9605
2022-07-01,,,,1737.0129
2022-06-30,,,,1723.4122
2022-06-29,,,,1740.9552
2022-06-28,,,,1728.2498
2022-06-27,,,,1722.7659
2022-06-26,,,,1732.8754
2022-06-25,,,,1730.9349
2022-06-24,,,,1730.9349
2022-06-23,,,,1733.7754
2022-06-22,,,,1739.4193
2022-06-21,,,,1738.3618
2022-06-20,,,,1746.3963
2022-06-19,,,,1752.4201
2022-06-18,,,,1751.9121
2022-06-17,,,,1752.0476
2022-06-16,,,,1755.3929
2022-06-15,,,,1753.4790
2022-06-14,,,,1734.0162
2022-06-13,,,,1748.0030
2022-06-12,,,,1787.9514
2022-06-11,,,,1779.2336
2022-06-10,,,,1777.8461
2022-06-09,,,,1738.6548
2022-06-08,,,,1729.9954
2022-06-07,,,,1730.8044
2022-06-06,,,,1720.6214
2022-06-05,,,,1726.9160
2022-06-04,,,,1726.2254
2022-06-03,,,,1726.9472
2022-06-02,,,,1738.7234
2022-06-01,,,,1733.5190
2022-05-31,,,,1711.8180
2022-05-30,,,,1718.8889
2022-05-29,,,,1724.0336
2022-05-28,,,,1726.3378
2022-05-27,,,,1726.3378
2022-05-26,,,,1725.6650
2022-05-25,,,,1734.2807
2022-05-24,,,,1739.1577
2022-05-23,,,,1735.8944
2022-05-22,,,,1746.6375
2022-05-21,,,,1748.3573
2022-05-20,,,,1749.1421
2022-05-19,,,,1743.1856
2022-05-18,,,,1734.9481
2022-05-17,,,,1719.6150
2022-05-16,,,,1750.6886
2022-05-15,,,,1741.8145
2022-05-14,,,,1739.4105
2022-05-13,,,,1739.5356
2022-05-12,,,,1754.2068
2022-05-11,,,,1763.1484
2022-05-10,,,,1745.7445
2022-05-09,,,,1755.2811
2022-05-08,,,,1785.7083
2022-05-07,,,,1784.2930
2022-05-06,,,,1777.8031
2022-05-05,,,,1780.7603
2022-05-04,,,,1776.8365
2022-05-03,,,,1775.4122
2022-05-02,,,,1772.2795
2022-05-01,,,,1801.6958
2022-04-30,,,,1798.5079
2022-04-29,,,,1799.2603
2022-04-28,,,,1803.4792
2022-04-27,,,,1785.5931
2022-04-26,,,,1773.5231
2022-04-25,,,,1772.3379
2022-04-24,,,,1786.9159
2022-04-23,,,,1789.3011
2022-04-22,,,,1788.7899
2022-04-21,,,,1801.8437
2022-04-20,,,,1802.0784
2022-04-19,,,,1805.4939
2022-04-18,,,,1833.5313
2022-04-17,,,,1830.7750
2022-04-16,,,,1826.5174
2022-04-15,,,,1824.6026
2022-04-14,,,,1820.7636
2022-04-13,,,,1815.8897
2022-04-12,,,,1815.4358
2022-04-11,,,,1795.4756
2022-04-10,,,,1786.8131
2022-04-09,,,,1790.3475
2022-04-08,,,,1790.1261
2022-04-07,,,,1778.5592
2022-04-06,,,,1760.9184
2022-04-05,,,,1762.2088
2022-04-04,,,,1760.4875
2022-04-03,,,,1741.8189
2022-04-02,,,,1741.8873
2022-04-01,,,,1742.2381
2022-03-31,,,,1748.5733
2022-03-30,,,,1731.0241
2022-03-29,,,,1729.0401
2022-03-28,,,,1749.2712
2022-03-27,,,,1782.7734
2022-03-26,,,,1782.6642
2022-03-25,,,,1781.7661
2022-03-24,,,,1779.2326
2022-03-23,,,,1768.9653
2022-03-22,,,,1741.8423
2022-03-21,,,,1757.4720
2022-03-20,,,,1737.3227
2022-03-19,,,,1736.9045
2022-03-18,,,,1751.3285
2022-03-17,,,,1749.5568
2022-03-16,,,,1748.6210
2022-03-15,,,,1747.4952
2022-03-14,,,,1785.4976
2022-03-13,,,,1805.4230
2022-03-12,,,,1822.1931
2022-03-11,,,,1821.3662
2022-03-10,,,,1814.1903
2022-03-09,,,,1797.5831
2022-03-08,,,,1845.3870
2022-03-07,,,,1824.1452
2022-03-06,,,,1829.7082
2022-03-05,,,,1803.5597
2022-03-04,,,,1802.1742
2022-03-03,,,,1748.2521
2022-03-02,,,,1735.8884
2022-03-01,,,,1745.3791
2022-02-28,,,,1700.5199
2022-02-27,,,,1711.3112
2022-02-26,,,,1675.9661
2022-02-25,,,,1676.3422
2022-02-24,,,,1708.1555
2022-02-23,,,,1690.1688
2022-02-22,,,,1676.4584
2022-02-21,,,,1689.5896
2022-02-20,,,,1682.6798
2022-02-19,,,,1676.3268
2022-02-18,,,,1676.5533
2022-02-17,,,,1671.6363
2022-02-16,,,,1643.5589
2022-02-15,,,,1632.4476
2022-02-14,,,,1638.7479
2022-02-13,,,,1635.9973
2022-02-12,,,,1637.5245
2022-02-11,,,,1637.5296
2022-02-10,,,,1600.2493
2022-02-09,,,,1605.2697
2022-02-08,,,,1591.2683
2022-02-07,,,,1592.0464
2022-02-06,,,,1580.0567
2022-02-05,,,,1578.4889
2022-02-04,,,,1577.9824
2022-02-03,,,,1579.0439
2022-02-02,,,,1595.0259
2022-02-01,,,,1603.9567
2022-01-31,,,,1600.8163
2022-01-30,,,,1605.4547
2022-01-29,,,,1607.1280
2022-01-28,,,,1607.1280
2022-01-27,,,,1613.3117
2022-01-26,,,,1619.4675
2022-01-25,,,,1635.5892
2022-01-24,,,,1626.9162
2022-01-23,,,,1619.4981
2022-01-22,,,,1617.3250
2022-01-21,,,,1617.2897
2022-01-20,,,,1625.2276
2022-01-19,,,,1621.6062
2022-01-18,,,,1601.4812
2022-01-17,,,,1593.5536
2022-01-16,,,,1593.1210
2022-01-15,,,,1592.0902
2022-01-14,,,,1592.0902
2022-01-13,,,,1589.9873
2022-01-12,,,,1601.8053
2022-01-11,,,,1602.4412
2022-01-10,,,,1589.7867
2022-01-09,,,,1581.4430
2022-01-08,,,,1581.7502
2022-01-07,,,,1581.4102
2022-01-06,,,,1585.4749
2022-01-05,,,,1600.7515
2022-01-04,,,,1607.0086
2022-01-03,,,,1595.7524
2022-01-02,,,,1609.2479
2022-01-01,,,,1608.9577
2021-12-31,,,,1608.1358
2021-12-30,,,,1603.5467
2021-12-29,,,,1589.6592
2021-12-28,,,,1597.1079
2021-12-27,,,,1599.0063
2021-12-26,,,,1597.5440
2021-12-25,,,,1603.4543
2021-12-24,,,,1597.7384
2021-12-23,,,,1595.9151
2021-12-22,,,,1592.8802
2021-12-21,,,,1585.9755
2021-12-20,,,,1588.1137
2021-12-19,,,,1599.5977
2021-12-18,,,,1600.3625
2021-12-17,,,,1587.4849
2021-12-16,,,,1579.8614
2021-12-15,,,,1573.1577
2021-12-14,,,,1585.7303
2021-12-13,,,,1581.3415
2021-12-12,,,,1575.7095
2021-12-11,,,,1576.0098
2021-12-10,,,,1576.8951
2021-12-09,,,,1574.8015
2021-12-08,,,,1572.5966
2021-12-07,,,,1580.4215
2021-12-06,,,,1578.4047
2021-12-05,,,,1575.7306
2021-12-04,,,,1575.3276
2021-12-03,,,,1562.9839
2021-12-02,,,,1575.6696
2021-12-01,,,,1564.9952
2021-11-30,,,,1575.0199
2021-11-29,,,,1588.9753
2021-11-28,,,,1585.6323
2021-11-27,,,,1583.4530
2021-11-26,,,,1584.2074
2021-11-25,,,,1597.5690
2021-11-24,,,,1596.8917
2021-11-23,,,,1591.6419
2021-11-22,,,,1607.9192
2021-11-21,,,,1636.4147
2021-11-20,,,,1635.5584
2021-11-19,,,,1635.4571
2021-11-18,,,,1635.1035
2021-11-17,,,,1649.0824
2021-11-16,,,,1635.4584
2021-11-15,,,,1635.4249
2021-11-14,,,,1630.5862
2021-11-13,,,,1629.8512
2021-11-12,,,,1629.5471
2021-11-11,,,,1626.5509
2021-11-10,,,,1609.7752
2021-11-09,,,,1578.3170
2021-11-08,,,,1574.6122
2021-11-07,,,,1569.3760
2021-11-06,,,,1573.7444
2021-11-05,,,,1572.6600
2021-11-04,,,,1550.7121
2021-11-03,,,,1527.5985
2021-11-02,,,,1543.9858
2021-11-01,,,,1545.1822
2021-10-31,,,,1539.7123
2021-10-30,,,,1542.2666
2021-10-29,,,,1542.1849
2021-10-28,,,,1539.7967
2021-10-27,,,,1548.5702
2021-10-26,,,,1546.0293
2021-10-25,,,,1557.3397
2021-10-24,,,,1542.1508
2021-10-23,,,,1539.1867
2021-10-22,,,,1539.1601
2021-10-21,,,,1535.0560
2021-10-20,,,,1529.0012
2021-10-19,,,,1521.0233
2021-10-18,,,,1519.0345
2021-10-17,,,,1526.5530
2021-10-16,,,,1523.5312
2021-10-15,,,,1523.5636
2021-10-14,,,,1548.8509
2021-10-13,,,,1545.3722
2021-10-12,,,,1526.5227
2021-10-11,,,,1517.9947
2021-10-10,,,,1516.8510
2021-10-09,,,,1518.3936
2021-10-08,,,,1518.4196
2021-10-07,,,,1518.1328
2021-10-06,,,,1526.1528
2021-10-05,,,,1517.7521
2021-10-04,,,,1521.9829
2021-10-03,,,,1519.1361
2021-10-02,,,,1518.6187
2021-10-01,,,,1518.5903
2021-09-30,,,,1516.0357
2021-09-29,,,,1489.7386
2021-09-28,,,,1484.7320
2021-09-27,,,,1497.0034
2021-09-26,,,,1491.8126
2021-09-25,,,,1493.6411
2021-09-24,,,,1493.3866
2021-09-23,,,,1485.7707
2021-09-22,,,,1512.0503
2021-09-21,,,,1514.3022
2021-09-20,,,,1504.3731
2021-09-19,,,,1495.7967
2021-09-18,,,,1496.0713
2021-09-17,,,,1496.1165
2021-09-16,,,,1490.6539
2021-09-15,,,,1518.1845
2021-09-14,,,,1528.7189
2021-09-13,,,,1518.0860
2021-09-12,,,,1513.8749
2021-09-11,,,,1513.6639
2021-09-10,,,,1513.7420
2021-09-09,,,,1518.0576
2021-09-08,,,,1515.0884
2021-09-07,,,,1515.6561
2021-09-06,,,,1536.1068
2021-09-05,,,,1537.9392
2021-09-04,,,,1538.1015
2021-09-03,,,,1538.2569
2021-09-02,,,,1523.5366
2021-09-01,,,,1531.0216
2021-08-31,,,,1536.3372
2021-08-30,,,,1534.9820
2021-08-29,,,,1541.1621
2021-08-28,,,,1541.3206
2021-08-27,,,,1540.8256
2021-08-26,,,,1525.0305
2021-08-25,,,,1521.8014
2021-08-24,,,,1533.2856
2021-08-23,,,,1536.9566
2021-08-22,,,,1521.0848
2021-08-21,,,,1523.5957
2021-08-20,,,,1522.9693
2021-08-19,,,,1524.0530
2021-08-18,,,,1527.4573
2021-08-17,,,,1525.2619
2021-08-16,,,,1518.0065
2021-08-15,,,,1508.5813
2021-08-14,,,,1508.3780
2021-08-13,,,,1508.3818
2021-08-12,,,,1494.0706
2021-08-11,,,,1491.9003
2021-08-10,,,,1474.1490
2021-08-09,,,,1475.1284
2021-08-08,,,,1462.7695
2021-08-07,,,,1499.3748
2021-08-06,,,,1499.1693
2021-08-05,,,,1524.7561
2021-08-04,,,,1530.3702
2021-08-03,,,,1525.6872
2021-08-02,,,,1526.5397
2021-08-01,,,,1529.1901
2021-07-31,,,,1528.8249
2021-07-30,,,,1528.5590
2021-07-29,,,,1538.8102
2021-07-28,,,,1526.5178
2021-07-27,,,,1521.9509
2021-07-26,,,,1522.9605
2021-07-25,,,,1529.8638
2021-07-24,,,,1530.8807
2021-07-23,,,,1530.6979
2021-07-22,,,,1535.1568
2021-07-21,,,,1528.5354
2021-07-20,,,,1535.8866
2021-07-19,,,,1536.4180
2021-07-18,,,,1536.8488
2021-07-17,,,,1534.8669
2021-07-16,,,,1534.4656
2021-07-15,,,,1548.5066
2021-07-14,,,,1543.2152
2021-07-13,,,,1533.9489
2021-07-12,,,,1523.3977
2021-07-11,,,,1521.0250
2021-07-10,,,,1522.6343
2021-07-09,,,,1522.4427
2021-07-08,,,,1522.6067
2021-07-07,,,,1529.5360
2021-07-06,,,,1518.8442
2021-07-05,,,,1510.1165
2021-07-04,,,,1506.4093
2021-07-03,,,,1507.1493
2021-07-02,,,,1506.7208
2021-07-01,,,,1499.4346
2021-06-30,,,,1491.3967
2021-06-29,,,,1479.8107
2021-06-28,,,,1491.1614
2021-06-27,,,,1492.5836
2021-06-26,,,,1492.8768
2021-06-25,,,,1492.3615
2021-06-24,,,,1488.5011
2021-06-23,,,,1490.0491
2021-06-22,,,,1488.9993
2021-06-21,,,,1496.5857
2021-06-20,,,,1490.6265
2021-06-19,,,,1486.8420
2021-06-18,,,,1486.7981
2021-06-17,,,,1490.3070
2021-06-16,,,,1514.4517
2021-06-15,,,,1532.9641
2021-06-14,,,,1539.4281
2021-06-13,,,,1546.7838
2021-06-12,,,,1549.6998
2021-06-11,,,,1549.8002
2021-06-10,,,,1559.2396
2021-06-09,,,,1551.2658
2021-06-08,,,,1555.4279
2021-06-07,,,,1557.2964
2021-06-06,,,,1553.3484
2021-06-05,,,,1554.1026
2021-06-04,,,,1553.8149
2021-06-03,,,,1542.6675
2021-06-02,,,,1562.7668
2021-06-01,,,,1554.2656
2021-05-31,,,,1559.3544
2021-05-30,,,,1562.2163
2021-05-29,,,,1562.0409
2021-05-28,,,,1561.9450
2021-05-27,,,,1556.1446
2021-05-26,,,,1555.7184
2021-05-25,,,,1549.9155
2021-05-24,,,,1537.7332
2021-05-23,,,,1546.1609
2021-05-22,,,,1544.1168
2021-05-21,,,,1544.0294
2021-05-20,,,,1533.2212
2021-05-19,,,,1533.8721
2021-05-18,,,,1529.2522
2021-05-17,,,,1536.6053
2021-05-16,,,,1520.7705
2021-05-15,,,,1518.5838
2021-05-14,,,,1518.1133
2021-05-13,,,,1511.6644
2021-05-12,,,,1504.5345
2021-05-11,,,,1511.5365
2021-05-10,,,,1511.7985
2021-05-09,,,,1509.3741
2021-05-08,,,,1505.7398
2021-05-07,,,,1505.4062
2021-05-06,,,,1504.2928
2021-05-05,,,,1487.4048
2021-05-04,,,,1480.5805
2021-05-03,,,,1486.3897
2021-05-02,,,,1471.1709
2021-05-01,,,,1472.0610
2021-04-30,,,,1471.8640
2021-04-29,,,,1461.9576
2021-04-28,,,,1469.0407
2021-04-27,,,,1469.1445
2021-04-26,,,,1473.4372
2021-04-25,,,,1468.4763
2021-04-24,,,,1468.6441
2021-04-23,,,,1468.6735
2021-04-22,,,,1484.2538
2021-04-21,,,,1490.5776
2021-04-20,,,,1476.4920
2021-04-19,,,,1471.0003
2021-04-18,,,,1485.3970
2021-04-17,,,,1482.8438
2021-04-16,,,,1482.7015
2021-04-15,,,,1473.4001
2021-04-14,,,,1448.8678
2021-04-13,,,,1460.8613
2021-04-12,,,,1454.3598
2021-04-11,,,,1464.0422
2021-04-10,,,,1465.8950
2021-04-09,,,,1465.5138
2021-04-08,,,,1472.6992
2021-04-07,,,,1462.8578
2021-04-06,,,,1467.9999
2021-04-05,,,,1463.4514
2021-04-04,,,,1468.3954
2021-04-03,,,,1474.0189
2021-04-02,,,,1472.5647
2021-04-01,,,,1469.0903
2021-03-31,,,,1455.6052
2021-03-30,,,,1437.8080
2021-03-29,,,,1454.8571
2021-03-28,,,,1468.1038
2021-03-27,,,,1467.3659
2021-03-26,,,,1468.9779
2021-03-25,,,,1466.7309
2021-03-24,,,,1468.7390
2021-03-23,,,,1458.5857
2021-03-22,,,,1457.5662
2021-03-21,,,,1463.0562
2021-03-20,,,,1460.7752
2021-03-19,,,,1462.4248
2021-03-18,,,,1456.7582
2021-03-17,,,,1458.0835
2021-03-16,,,,1454.2042
2021-03-15,,,,1451.3027
2021-03-14,,,,1443.4246
2021-03-13,,,,1444.8929
2021-03-12,,,,1444.7073
2021-03-11,,,,1437.7201
2021-03-10,,,,1447.9195
2021-03-09,,,,1441.9358
2021-03-08,,,,1420.2767
2021-03-07,,,,1431.5368
2021-03-06,,,,1427.3704
2021-03-05,,,,1427.9823
2021-03-04,,,,1416.7892
2021-03-03,,,,1419.2648
2021-03-02,,,,1437.2258
2021-03-01,,,,1431.0069
2021-02-28,,,,1438.5586
2021-02-27,,,,1436.3227
2021-02-26,,,,1436.1760
2021-02-25,,,,1455.6739
2021-02-24,,,,1481.6240
2021-02-23,,,,1485.6495
2021-02-22,,,,1488.0583
2021-02-21,,,,1471.8723
2021-02-20,,,,1472.6677
2021-02-19,,,,1472.0817
2021-02-18,,,,1466.1342
2021-02-17,,,,1476.0239
2021-02-16,,,,1480.8102
2021-02-15,,,,1498.9625
2021-02-14,,,,1502.5790
2021-02-13,,,,1505.5492
2021-02-12,,,,1505.5935
2021-02-11,,,,1505.9290
2021-02-10,,,,1519.9385
2021-02-09,,,,1515.1505
2021-02-08,,,,1519.0175
2021-02-07,,,,1509.0843
2021-02-06,,,,1505.3025
2021-02-05,,,,1504.7376
2021-02-04,,,,1499.4069
2021-02-03,,,,1523.4357
2021-02-02,,,,1526.2377
2021-02-01,,,,1540.3892
2021-01-31,,,,1530.5775
2021-01-30,,,,1521.1222
2021-01-29,,,,1521.0619
2021-01-28,,,,1520.5756
2021-01-27,,,,1521.0776
2021-01-26,,,,1522.0501
2021-01-25,,,,1527.7974
2021-01-24,,,,1526.7131
2021-01-23,,,,1524.2239
2021-01-22,,,,1523.7205
2021-01-21,,,,1536.7047
2021-01-20,,,,1543.5605
2021-01-19,,,,1516.4585
2021-01-18,,,,1521.4613
2021-01-17,,,,1500.6929
2021-01-16,,,,1513.2138
2021-01-15,,,,1513.3946
2021-01-14,,,,1520.3102
2021-01-13,,,,1518.4985
2021-01-12,,,,1521.2234
2021-01-11,,,,1518.6976
2021-01-10,,,,1513.4120
2021-01-09,,,,1512.3009
2021-01-08,,,,1512.5795
2021-01-07,,,,1560.8143
2021-01-06,,,,1557.7163
2021-01-05,,,,1585.2672
2021-01-04,,,,1585.0194
2021-01-03,,,,1561.3860
2021-01-02,,,,1562.5009
2021-01-01,,,,1559.1243
2020-12-31,,,,1553.8211
2020-12-30,,,,1540.0387
2020-12-29,,,,1533.2869
2020-12-28,,,,1534.1528
2020-12-27,,,,1546.6242
2020-12-26,,,,1533.1864
2020-12-25,,,,1538.7936
2020-12-24,,,,1540.0898
2020-12-23,,,,1536.0122
2020-12-22,,,,1529.2964
2020-12-21,,,,1534.9258
2020-12-20,,,,1541.8695
2020-12-19,,,,1534.1438
2020-12-18,,,,1534.2859
2020-12-17,,,,1536.7875
2020-12-16,,,,1529.0674
2020-12-15,,,,1524.2239
2020-12-14,,,,1504.4522
2020-12-13,,,,1515.0019
2020-12-12,,,,1518.3762
2020-12-11,,,,1518.3722
2020-12-10,,,,1512.6406
2020-12-09,,,,1520.1590
2020-12-08,,,,1544.7345
2020-12-07,,,,1539.4197
2020-12-06,,,,1513.9814
2020-12-05,,,,1516.7465
2020-12-04,,,,1516.7660
2020-12-03,,,,1515.5331
2020-12-02,,,,1511.5495
2020-12-01,,,,1501.5131
2020-11-30,,,,1489.8309
2020-11-29,,,,1492.0022
2020-11-28,,,,1493.9908
2020-11-27,,,,1494.3010
2020-11-26,,,,1518.9903
2020-11-25,,,,1516.4023
2020-11-24,,,,1519.9318
2020-11-23,,,,1550.0697
2020-11-22,,,,1578.2245
2020-11-21,,,,1578.6342
2020-11-20,,,,1578.3281
2020-11-19,,,,1570.9828
2020-11-18,,,,1579.8634
2020-11-17,,,,1585.9248
2020-11-16,,,,1593.1960
2020-11-15,,,,1595.9672
2020-11-14,,,,1595.2957
2020-11-13,,,,1595.3472
2020-11-12,,,,1589.2096
2020-11-11,,,,1583.3272
2020-11-10,,,,1587.8429
2020-11-09,,,,1579.2140
2020-11-08,,,,1647.8565
2020-11-07,,,,1644.1197
2020-11-06,,,,1643.9231
2020-11-05,,,,1647.3480
2020-11-04,,,,1623.0899
2020-11-03,,,,1627.8910
2020-11-02,,,,1627.5932
2020-11-01,,,,1611.9017
2020-10-31,,,,1609.3288
2020-10-30,,,,1610.5886
2020-10-29,,,,1599.9365
2020-10-28,,,,1599.2039
2020-10-27,,,,1617.4818
2020-10-26,,,,1610.3055
2020-10-25,,,,1602.4035
2020-10-24,,,,1602.8921
2020-10-23,,,,1602.9428
2020-10-22,,,,1611.8326
2020-10-21,,,,1622.4716
2020-10-20,,,,1614.5286
2020-10-19,,,,1617.9250
2020-10-18,,,,1622.6003
2020-10-17,,,,1620.4856
2020-10-16,,,,1620.5112
2020-10-15,,,,1628.3670
2020-10-14,,,,1617.0333
2020-10-13,,,,1611.8252
2020-10-12,,,,1629.0828
2020-10-11,,,,1633.2516
2020-10-10,,,,1631.6741
2020-10-09,,,,1631.5525
2020-10-08,,,,1609.8924
2020-10-07,,,,1603.7060
2020-10-06,,,,1600.9684
2020-10-05,,,,1622.1041
2020-10-04,,,,1624.6114
2020-10-03,,,,1621.9097
2020-10-02,,,,1621.4560
2020-10-01,,,,1621.6607
2020-09-30,,,,1609.2032
2020-09-29,,,,1615.9275
2020-09-28,,,,1612.0346
2020-09-27,,,,1600.8167
2020-09-26,,,,1600.6218
2020-09-25,,,,1600.1432
2020-09-24,,,,1600.4186
2020-09-23,,,,1593.8781
2020-09-22,,,,1625.3125
2020-09-21,,,,1627.8056
2020-09-20,,,,1645.2070
2020-09-19,,,,1646.8744
2020-09-18,,,,1646.7055
2020-09-17,,,,1642.6592
2020-09-16,,,,1660.2823
2020-09-15,,,,1650.1008
2020-09-14,,,,1648.8764
2020-09-13,,,,1640.4106
2020-09-12,,,,1638.3947
2020-09-11,,,,1638.7132
2020-09-10,,,,1647.8522
2020-09-09,,,,1650.1626
2020-09-08,,,,1640.5968
2020-09-07,,,,1633.0418
2020-09-06,,,,1634.3651
2020-09-05,,,,1633.5760
2020-09-04,,,,1633.2294
2020-09-03,,,,1629.0622
2020-09-02,,,,1641.0609
2020-09-01,,,,1653.5802
2020-08-31,,,,1649.0664
2020-08-30,,,,1655.7893
2020-08-29,,,,1650.1017
2020-08-28,,,,1650.2264
2020-08-27,,,,1631.0420
2020-08-26,,,,1649.8878
2020-08-25,,,,1630.1216
2020-08-24,,,,1637.3744
2020-08-23,,,,1639.5283
2020-08-22,,,,1643.9961
2020-08-21,,,,1643.9956
2020-08-20,,,,1642.2018
2020-08-19,,,,1628.6448
2020-08-18,,,,1677.0417
2020-08-17,,,,1671.6936
2020-08-16,,,,1631.9119
2020-08-15,,,,1642.3191
2020-08-14,,,,1642.0284
2020-08-13,,,,1656.9976
2020-08-12,,,,1629.8096
2020-08-11,,,,1628.6310
2020-08-10,,,,1728.2225
2020-08-09,,,,1721.2402
2020-08-08,,,,1725.2433
2020-08-07,,,,1725.8194
2020-08-06,,,,1742.7690
2020-08-05,,,,1715.1902
2020-08-04,,,,1717.5314
2020-08-03,,,,1679.5469
2020-08-02,,,,1681.5861
2020-08-01,,,,1675.8417
2020-07-31,,,,1676.1613
2020-07-30,,,,1649.3334
2020-07-29,,,,1670.5406
2020-07-28,,,,1670.1941
2020-07-27,,,,1663.3934
2020-07-26,,,,1641.7969
2020-07-25,,,,1631.2358
2020-07-24,,,,1631.1350
2020-07-23,,,,1625.7292
2020-07-22,,,,1616.1434
2020-07-21,,,,1597.2147
2020-07-20,,,,1587.0629
2020-07-19,,,,1580.7260
2020-07-18,,,,1584.3275
2020-07-17,,,,1584.2174
2020-07-16,,,,1578.5908
2020-07-15,,,,1587.1100
2020-07-14,,,,1585.0894
2020-07-13,,,,1588.1378
2020-07-12,,,,1592.4426
2020-07-11,,,,1592.2864
2020-07-10,,,,1592.2114
2020-07-09,,,,1598.4221
2020-07-08,,,,1595.3966
2020-07-07,,,,1591.8888
2020-07-06,,,,1577.8967
2020-07-05,,,,1578.9390
2020-07-04,,,,1579.1386
2020-07-03,,,,1578.9326
2020-07-02,,,,1580.0732
2020-07-01,,,,1571.4637
2020-06-30,,,,1587.4499
2020-06-29,,,,1576.3352
2020-06-28,,,,1577.5217
2020-06-27,,,,1578.3229
2020-06-26,,,,1578.2742
2020-06-25,,,,1572.7094
2020-06-24,,,,1566.5792
2020-06-23,,,,1563.4092
2020-06-22,,,,1556.0422
2020-06-21,,,,1564.9336
2020-06-20,,,,1559.3035
2020-06-19,,,,1559.1255
2020-06-18,,,,1537.4791
2020-06-17,,,,1536.9226
2020-06-16,,,,1532.8637
2020-06-15,,,,1521.1754
2020-06-14,,,,1539.9802
2020-06-13,,,,1538.5289
2020-06-12,,,,1537.9917
2020-06-11,,,,1530.5903
2020-06-10,,,,1526.6208
2020-06-09,,,,1512.3028
2020-06-08,,,,1502.0504
2020-06-07,,,,1485.5400
2020-06-06,,,,1491.1093
2020-06-05,,,,1491.5688
2020-06-04,,,,1511.0937
2020-06-03,,,,1512.9899
2020-06-02,,,,1544.4065
2020-06-01,,,,1565.7513
2020-05-31,,,,1564.7585
2020-05-30,,,,1559.1097
2020-05-29,,,,1557.7656
2020-05-28,,,,1552.9695
2020-05-27,,,,1552.9383
2020-05-26,,,,1559.4479
2020-05-25,,,,1585.0649
2020-05-24,,,,1586.5790
2020-05-23,,,,1592.0571
2020-05-22,,,,1591.9347
2020-05-21,,,,1576.5586
2020-05-20,,,,1591.9458
2020-05-19,,,,1597.1381
2020-05-18,,,,1589.0824
2020-05-17,,,,1624.8083
2020-05-16,,,,1611.3658
2020-05-15,,,,1610.8971
2020-05-14,,,,1603.4722
2020-05-13,,,,1587.1597
2020-05-12,,,,1569.6947
2020-05-11,,,,1570.2487
2020-05-10,,,,1574.7797
2020-05-09,,,,1552.2508
2020-05-08,,,,1557.8735
2020-05-07,,,,1583.5148
2020-05-06,,,,1563.6746
2020-05-05,,,,1572.6740
2020-05-04,,,,1561.8891
2020-05-03,,,,1549.8647
2020-05-02,,,,1532.7744
2020-05-01,,,,1538.2094
2020-04-30,,,,1540.3599
2020-04-29,,,,1576.4053
2020-04-28,,,,1574.3127
2020-04-27,,,,1580.8853
2020-04-26,,,,1593.9386
2020-04-25,,,,1596.8186
2020-04-24,,,,1596.3968
2020-04-23,,,,1604.6934
2020-04-22,,,,1584.4197
2020-04-21,,,,1554.5106
2020-04-20,,,,1557.3812
2020-04-19,,,,1543.2305
2020-04-18,,,,1548.6207
2020-04-17,,,,1549.0729
2020-04-16,,,,1579.0992
2020-04-15,,,,1573.9012
2020-04-14,,,,1571.4110
2020-04-13,,,,1572.4661
2020-04-12,,,,1543.1980
2020-04-11,,,,1541.8972
2020-04-10,,,,1541.9203
2020-04-09,,,,1541.1768
2020-04-08,,,,1516.4960
2020-04-07,,,,1513.1157
2020-04-06,,,,1540.5319
2020-04-05,,,,1497.6111
2020-04-04,,,,1498.7822
2020-04-03,,,,1498.7099
2020-04-02,,,,1487.0323
2020-04-01,,,,1453.3853
2020-03-31,,,,1429.5382
2020-03-30,,,,1465.7715
2020-03-29,,,,1460.9851
2020-03-28,,,,1452.3991
2020-03-27,,,,1454.3478
2020-03-26,,,,1470.8758
2020-03-25,,,,1478.6949
2020-03-24,,,,1513.6114
2020-03-23,,,,1451.6672
2020-03-22,,,,1396.1306
2020-03-21,,,,1391.4527
2020-03-20,,,,1394.2728
2020-03-19,,,,1379.8902
2020-03-18,,,,1366.5258
2020-03-17,,,,1397.4497
2020-03-16,,,,1350.4153
2020-03-15,,,,1395.0522
2020-03-14,,,,1372.1294
2020-03-13,,,,1374.0859
2020-03-12,,,,1409.6984
2020-03-11,,,,1458.9040
2020-03-10,,,,1460.7591
2020-03-09,,,,1461.7813
2020-03-08,,,,1493.4657
2020-03-07,,,,1483.8744
2020-03-06,,,,1483.5068
2020-03-05,,,,1491.2853
2020-03-04,,,,1469.2761
2020-03-03,,,,1471.9349
2020-03-02,,,,1428.6124
2020-03-01,,,,1434.6318
2020-02-29,,,,1437.8344
2020-02-28,,,,1437.8579
2020-02-27,,,,1494.9242
2020-02-26,,,,1509.1291
2020-02-25,,,,1505.7885
2020-02-24,,,,1525.9755
2020-02-23,,,,1537.3414
2020-02-22,,,,1515.7883
2020-02-21,,,,1515.8111
2020-02-20,,,,1503.2591
2020-02-19,,,,1490.1295
2020-02-18,,,,1482.5070
2020-02-17,,,,1462.1170
2020-02-16,,,,1459.8817
2020-02-15,,,,1462.7983
2020-02-14,,,,1462.8923
2020-02-13,,,,1454.4890
2020-02-12,,,,1442.2218
2020-02-11,,,,1435.4466
2020-02-10,,,,1440.9533
2020-02-09,,,,1438.5164
2020-02-08,,,,1434.3937
2020-02-07,,,,1434.4525
2020-02-06,,,,1425.9730
2020-02-05,,,,1414.3995
2020-02-04,,,,1406.8334
2020-02-03,,,,1426.6301
2020-02-02,,,,1433.5692
2020-02-01,,,,1432.8175
2020-01-31,,,,1431.7375
2020-01-30,,,,1427.7034
2020-01-29,,,,1431.7673
2020-01-28,,,,1421.9163
2020-01-27,,,,1435.3458
2020-01-26,,,,1434.8650
2020-01-25,,,,1424.6287
2020-01-24,,,,1424.9344
2020-01-23,,,,1412.4102
2020-01-22,,,,1406.7327
2020-01-21,,,,1404.4625
2020-01-20,,,,1407.3038
2020-01-19,,,,1403.8731
2020-01-18,,,,1404.2830
2020-01-17,,,,1404.1037
2020-01-16,,,,1393.8310
2020-01-15,,,,1395.0899
2020-01-14,,,,1392.9026
2020-01-13,,,,1388.5243
2020-01-12,,,,1403.0685
2020-01-11,,,,1404.7915
2020-01-10,,,,1404.2551
2020-01-09,,,,1397.5285
2020-01-08,,,,1401.7253
2020-01-07,,,,1423.2390
2020-01-06,,,,1397.5180
2020-01-05,,,,1406.0956
2020-01-04,,,,1390.1290
2020-01-03,,,,1389.3168
2020-01-02,,,,1368.5203
2020-01-01,,,,1354.0654
2019-12-31,,,,1353.2767
2019-12-30,,,,1352.5971
2019-12-29,,,,1353.2881
2019-12-28,,,,1352.0056
2019-12-27,,,,1352.1522
2019-12-26,,,,1361.1308
2019-12-25,,,,1351.6391
2019-12-24,,,,1352.0393
2019-12-23,,,,1339.4526
2019-12-22,,,,1334.8690
2019-12-21,,,,1334.7544
2019-12-20,,,,1334.6143
2019-12-19,,,,1329.5276
2019-12-18,,,,1327.3725
2019-12-17,,,,1323.1432
2019-12-16,,,,1324.5928
2019-12-15,,,,1325.4811
2019-12-14,,,,1326.6658
2019-12-13,,,,1327.0143
2019-12-12,,,,1310.4216
2019-12-11,,,,1324.6219
2019-12-10,,,,1319.8950
2019-12-09,,,,1320.9303
2019-12-08,,,,1320.1544
2019-12-07,,,,1320.2047
2019-12-06,,,,1320.2971
2019-12-05,,,,1329.5116
2019-12-04,,,,1331.2708
2019-12-03,,,,1332.8632
2019-12-02,,,,1320.3251
2019-12-01,,,,1326.8562
2019-11-30,,,,1328.7553
2019-11-29,,,,1328.8647
2019-11-28,,,,1322.2762
2019-11-27,,,,1324.2618
2019-11-26,,,,1325.0403
2019-11-25,,,,1320.3159
2019-11-24,,,,1324.7887
2019-11-23,,,,1326.6766
2019-11-22,,,,1326.9964
2019-11-21,,,,1323.5419
2019-11-20,,,,1330.8449
2019-11-19,,,,1330.9354
2019-11-18,,,,1328.7835
2019-11-17,,,,1328.7839
2019-11-16,,,,1327.8612
2019-11-15,,,,1327.5312
2019-11-14,,,,1333.0575
2019-11-13,,,,1329.4030
2019-11-12,,,,1323.9570
2019-11-11,,,,1319.2671
2019-11-10,,,,1325.9919
2019-11-09,,,,1323.4577
2019-11-08,,,,1323.5926
2019-11-07,,,,1328.7103
2019-11-06,,,,1346.4798
2019-11-05,,,,1340.0795
2019-11-04,,,,1354.6294
2019-11-03,,,,1354.8645
2019-11-02,,,,1355.1602
2019-11-01,,,,1354.2738
2019-10-31,,,,1356.2249
2019-10-30,,,,1340.8470
2019-10-29,,,,1338.8125
2019-10-28,,,,1344.5496
2019-10-27,,,,1356.9254
2019-10-26,,,,1357.4178
2019-10-25,,,,1357.6036
2019-10-24,,,,1353.8304
2019-10-23,,,,1340.5569
2019-10-22,,,,1337.4286
2019-10-21,,,,1330.9532
2019-10-20,,,,1337.6346
2019-10-19,,,,1334.4552
2019-10-18,,,,1334.3250
2019-10-17,,,,1341.5840
2019-10-16,,,,1345.5733
2019-10-15,,,,1342.7683
2019-10-14,,,,1353.2624
2019-10-13,,,,1346.9277
2019-10-12,,,,1348.8818
2019-10-11,,,,1348.8148
2019-10-10,,,,1357.3957
2019-10-09,,,,1376.7924
2019-10-08,,,,1375.6761
2019-10-07,,,,1360.5068
2019-10-06,,,,1373.2406
2019-10-05,,,,1369.9489
2019-10-04,,,,1370.1296
2019-10-03,,,,1373.7413
2019-10-02,,,,1368.1944
2019-10-01,,,,1354.2274
2019-09-30,,,,1351.3462
2019-09-29,,,,1367.7439
2019-09-28,,,,1368.3648
2019-09-27,,,,1368.2560
2019-09-26,,,,1378.9226
2019-09-25,,,,1375.0397
2019-09-24,,,,1390.4768
2019-09-23,,,,1384.1956
2019-09-22,,,,1374.7955
2019-09-21,,,,1376.9845
2019-09-20,,,,1376.9017
2019-09-19,,,,1357.6129
2019-09-18,,,,1352.5241
2019-09-17,,,,1356.0057
2019-09-16,,,,1361.1807
2019-09-15,,,,1358.8193
2019-09-14,,,,1335.6750
2019-09-13,,,,1338.5218
2019-09-12,,,,1354.6059
2019-09-11,,,,1356.9815
2019-09-10,,,,1345.9377
2019-09-09,,,,1355.6754
2019-09-08,,,,1366.3337
2019-09-07,,,,1354.3033
2019-09-06,,,,1358.2046
2019-09-05,,,,1376.0714
2019-09-04,,,,1406.6337
2019-09-03,,,,1411.5530
2019-09-02,,,,1393.3149
2019-09-01,,,,1391.2794
2019-08-31,,,,1381.6585
2019-08-30,,,,1382.1783
2019-08-29,,,,1382.1113
2019-08-28,,,,1388.3973
2019-08-27,,,,1391.3478
2019-08-26,,,,1376.3669
2019-08-25,,,,1388.9392
2019-08-24,,,,1358.4721
2019-08-23,,,,1362.5492
2019-08-22,,,,1351.5303
2019-08-21,,,,1355.3258
2019-08-20,,,,1357.3571
2019-08-19,,,,1350.2636
2019-08-18,,,,1361.2968
2019-08-17,,,,1363.9081
2019-08-16,,,,1364.3025
2019-08-15,,,,1372.2734
2019-08-14,,,,1361.4359
2019-08-13,,,,1343.4951
2019-08-12,,,,1348.3227
2019-08-11,,,,1339.6384
2019-08-10,,,,1325.4040
2019-08-09,,,,1329.1709
2019-08-08,,,,1343.6513
2019-08-07,,,,1340.2168
2019-08-06,,,,1317.5362
2019-08-05,,,,1309.8576
2019-08-04,,,,1295.7469
2019-08-03,,,,1294.8427
2019-08-02,,,,1295.5250
2019-08-01,,,,1300.2608
2019-07-31,,,,1275.8832
2019-07-30,,,,1282.4248
2019-07-29,,,,1279.0619
2019-07-28,,,,1276.1108
2019-07-27,,,,1273.0471
2019-07-26,,,,1273.6599
2019-07-25,,,,1269.2227
2019-07-24,,,,1279.2846
2019-07-23,,,,1270.5892
2019-07-22,,,,1271.0362
2019-07-21,,,,1270.1192
2019-07-20,,,,1268.7296
2019-07-19,,,,1269.1109
2019-07-18,,,,1281.7604
2019-07-17,,,,1269.6806
2019-07-16,,,,1253.4752
2019-07-15,,,,1256.9401
2019-07-14,,,,1256.6024
2019-07-13,,,,1254.7199
2019-07-12,,,,1255.1788
2019-07-11,,,,1247.9671
2019-07-10,,,,1262.6327
2019-07-09,,,,1245.7971
2019-07-08,,,,1243.6824
2019-07-07,,,,1243.6071
2019-07-06,,,,1245.4886
2019-07-05,,,,1245.8954
2019-07-04,,,,1257.3547
2019-07-03,,,,1257.0782
2019-07-02,,,,1263.8776
2019-07-01,,,,1227.0344
2019-06-30,,,,1225.4823
2019-06-29,,,,1238.6346
2019-06-28,,,,1238.9339
2019-06-27,,,,1240.3490
2019-06-26,,,,1239.7988
2019-06-25,,,,1249.2071
2019-06-24,,,,1248.4368
2019-06-23,,,,1235.9293
2019-06-22,,,,1228.1190
2019-06-21,,,,1228.9314
2019-06-20,,,,1230.7024
2019-06-19,,,,1209.8930
2019-06-18,,,,1202.1115
2019-06-17,,,,1193.9946
2019-06-16,,,,1193.5921
2019-06-15,,,,1193.7629
2019-06-14,,,,1194.7978
2019-06-13,,,,1191.2727
2019-06-12,,,,1180.8665
2019-06-11,,,,1171.7131
2019-06-10,,,,1174.4049
2019-06-09,,,,1179.5906
2019-06-08,,,,1182.1823
2019-06-07,,,,1182.4086
2019-06-06,,,,1183.0370
2019-06-05,,,,1185.5153
2019-06-04,,,,1177.9501
2019-06-03,,,,1178.7676
2019-06-02,,,,1171.6162
2019-06-01,,,,1166.0389
2019-05-31,,,,1166.9746
2019-05-30,,,,1158.7342
2019-05-29,,,,1149.4270
2019-05-28,,,,1146.2216
2019-05-27,,,,1148.2025
2019-05-26,,,,1146.4042
2019-05-25,,,,1146.8112
2019-05-24,,,,1146.8420
2019-05-23,,,,1147.8707
2019-05-22,,,,1142.0548
2019-05-21,,,,1141.7042
2019-05-20,,,,1143.7304
2019-05-19,,,,1144.2478
2019-05-18,,,,1143.9921
2019-05-17,,,,1144.2648
2019-05-16,,,,1150.9217
2019-05-15,,,,1157.2492
2019-05-14,,,,1157.7136
2019-05-13,,,,1158.6462
2019-05-12,,,,1145.4835
2019-05-11,,,,1144.2790
2019-05-10,,,,1144.3477
2019-05-09,,,,1144.2239
2019-05-08,,,,1144.5005
2019-05-07,,,,1148.2289
2019-05-06,,,,1144.3760
2019-05-05,,,,1147.6677
2019-05-04,,,,1140.8841
2019-05-03,,,,1141.2262
2019-05-02,,,,1137.0452
2019-05-01,,,,1140.1768
2019-04-30,,,,1144.3102
2019-04-29,,,,1144.5634
2019-04-28,,,,1153.1344
2019-04-27,,,,1152.1318
2019-04-26,,,,1152.5930
2019-04-25,,,,1147.9618
2019-04-24,,,,1143.2873
2019-04-23,,,,1133.2391
2019-04-22,,,,1132.5666
2019-04-21,,,,1135.7044
2019-04-20,,,,1134.2624
2019-04-19,,,,1133.4784
2019-04-18,,,,1135.3808
2019-04-17,,,,1127.8313
2019-04-16,,,,1131.4767
2019-04-15,,,,1139.5198
2019-04-14,,,,1141.2672
2019-04-13,,,,1140.5519
2019-04-12,,,,1140.8990
2019-04-11,,,,1147.9282
2019-04-10,,,,1160.3370
2019-04-09,,,,1158.1359
2019-04-08,,,,1153.0510
2019-04-07,,,,1151.7295
2019-04-06,,,,1150.5254
2019-04-05,,,,1150.8527
2019-04-04,,,,1151.3222
2019-04-03,,,,1148.6240
2019-04-02,,,,1153.4477
2019-04-01,,,,1148.6008
2019-03-31,,,,1151.0104
2019-03-30,,,,1150.8670
2019-03-29,,,,1151.1560
2019-03-28,,,,1150.1945
2019-03-27,,,,1163.7783
2019-03-26,,,,1167.4887
2019-03-25,,,,1168.0691
2019-03-24,,,,1161.6000
2019-03-23,,,,1161.2018
2019-03-22,,,,1161.0433
2019-03-21,,,,1150.8132
2019-03-20,,,,1150.8301
2019-03-19,,,,1150.4061
2019-03-18,,,,1149.9417
2019-03-17,,,,1148.9362
2019-03-16,,,,1148.3274
2019-03-15,,,,1148.5186
2019-03-14,,,,1146.6740
2019-03-13,,,,1155.5367
2019-03-12,,,,1153.5256
2019-03-11,,,,1148.7165
2019-03-10,,,,1154.8003
2019-03-09,,,,1155.5697
2019-03-08,,,,1155.3881
2019-03-07,,,,1148.2945
2019-03-06,,,,1137.7986
2019-03-05,,,,1139.1682
2019-03-04,,,,1135.1129
2019-03-03,,,,1138.6911
2019-03-02,,,,1137.3336
2019-03-01,,,,1137.3485
2019-02-28,,,,1155.1482
2019-02-27,,,,1160.9500
2019-02-26,,,,1166.9286
2019-02-25,,,,1168.3396
2019-02-24,,,,1170.8250
2019-02-23,,,,1171.0599
2019-02-22,,,,1170.9455
2019-02-21,,,,1168.6841
2019-02-20,,,,1181.2531
2019-02-19,,,,1181.9562
2019-02-18,,,,1172.6287
2019-02-17,,,,1169.6237
2019-02-16,,,,1169.5468
2019-02-15,,,,1169.6179
2019-02-14,,,,1161.6828
2019-02-13,,,,1160.2320
2019-02-12,,,,1156.6354
2019-02-11,,,,1159.6171
2019-02-10,,,,1160.3125
2019-02-09,,,,1159.6912
2019-02-08,,,,1159.7771
2019-02-07,,,,1155.6514
2019-02-06,,,,1149.8547
2019-02-05,,,,1152.2166
2019-02-04,,,,1147.2716
2019-02-03,,,,1149.9999
2019-02-02,,,,1150.0385
2019-02-01,,,,1150.2352
2019-01-31,,,,1153.9812
2019-01-30,,,,1149.0255
2019-01-29,,,,1146.7383
2019-01-28,,,,1140.5863
2019-01-27,,,,1139.3234
2019-01-26,,,,1142.9070
2019-01-25,,,,1142.7062
2019-01-24,,,,1132.9690
2019-01-23,,,,1127.1489
2019-01-22,,,,1130.8538
2019-01-21,,,,1125.9938
2019-01-20,,,,1128.3098
2019-01-19,,,,1127.1255
2019-01-18,,,,1127.4700
2019-01-17,,,,1133.9601
2019-01-16,,,,1134.7094
2019-01-15,,,,1129.9628
2019-01-14,,,,1125.8912
2019-01-13,,,,1124.2500
2019-01-12,,,,1122.3354
2019-01-11,,,,1122.5846
2019-01-10,,,,1119.2875
2019-01-09,,,,1119.6892
2019-01-08,,,,1122.3353
2019-01-07,,,,1122.8609
2019-01-06,,,,1125.3123
2019-01-05,,,,1127.7703
2019-01-04,,,,1127.7607
2019-01-03,,,,1136.6424
2019-01-02,,,,1135.0499
2019-01-01,,,,1117.9007
2018-12-31,,,,1116.3333
2018-12-30,,,,1119.0727
2018-12-29,,,,1119.4527
2018-12-28,,,,1119.5879
2018-12-27,,,,1115.1252
2018-12-26,,,,1116.8024
2018-12-25,,,,1112.8391
2018-12-24,,,,1112.9857
2018-12-23,,,,1107.2489
2018-12-22,,,,1103.9647
2018-12-21,,,,1104.2995
2018-12-20,,,,1101.4898
2018-12-19,,,,1092.6175
2018-12-18,,,,1098.9700
2018-12-17,,,,1097.6586
2018-12-16,,,,1094.5401
2018-12-15,,,,1094.7926
2018-12-14,,,,1094.8627
2018-12-13,,,,1093.3272
2018-12-12,,,,1095.9387
2018-12-11,,,,1098.3034
2018-12-10,,,,1095.6327
2018-12-09,,,,1095.2056
2018-12-08,,,,1096.5752
